Name	Status	Manufacturer	Model	Serial Number	Ownership	End Date	Calibration Due	current location	history
Hire C22 1	O/C	Sigicom	C22	111122	Sigicom	16/07/2025	04/10/2024	25502 - Pembroke	['25502 - Pembroke', '25502 - Pembroke', '25502 - Pembroke', '25502 - Pembroke', '25502 - Pembroke', '25502 - Pembroke', '25502 - Pembroke', '25502 - Pembroke', '25502 - Pembroke', '25502 - Pembroke', '25502 - Pembroke', '25502 - Pembroke', '25502 - Pembroke', '25502 - Pembroke', '25502 - Pembroke', '25502 - Pembroke', '25502 - Pembroke', '25502 - Pembroke', '25502 - Pembroke', '25502 - Pembroke', '25502 - Pembroke', '25502 - Pembroke', '25502 - Pembroke', '25502 - Pembroke', '25502 - Pembroke', '25502 - Pembroke', '25502 - Pembroke', '25502 - Pembroke', '25502 - Pembroke', '25502 - Pembroke', '25502 - Pembroke', '25502 - Pembroke', '25502 - Pembroke']
	Beyond Repair	Sigicom	C22	105451	Moniteye		12/01/2025	Retired	['25501 - Longsight Mews', '25501 - Longsight Mews', '25501 - Longsight Mews', '25501 - Longsight Mews', '25388 - Vyrnwy Scheme - Substation', 'Out of Service - Water Damage - RPB', 'Out of Service - Water Damage - RPB', 'Out of Service - Water Damage - RPB', 'Out of Service - Water Damage - Sigicom', 'Retired', 'Retired', 'Retired', 'Retired', 'Retired', 'Retired', 'Retired', 'Retired', 'Retired', 'Retired', 'Retired', 'Retired', 'Retired', 'Retired', 'Retired', 'Retired', 'Retired', 'Retired', 'Retired', 'Retired', 'Retired', 'Retired', 'Retired', 'Retired']
	Good	Sigicom	C22	105452	Moniteye		01/05/2027	25388 - Vyrnwy Scheme	['25356 - Astley Bridge, Bolton - 33 Greenwood Vale', '25356 - Astley Bridge, Bolton - 33 Greenwood Vale', '25356 - Astley Bridge, Bolton - 33 Greenwood Vale', '25356 - Astley Bridge, Bolton - 33 Greenwood Vale', '25356 - Astley Bridge, Bolton - 33 Greenwood Vale', '25356 - Astley Bridge, Bolton - 33 Greenwood Vale', '25356 - Astley Bridge, Bolton - 33 Greenwood Vale', '25356 - Astley Bridge, Bolton - 33 Greenwood Vale', '25356 - Astley Bridge, Bolton - 33 Greenwood Vale', '25356 - Astley Bridge, Bolton - 33 Greenwood Vale', '25356 - Astley Bridge, Bolton - 33 Greenwood Vale', 'With Sigicom for Calibration', 'With Sigicom for Calibration', 'With Sigicom for Calibration', 'With Sigicom for Calibration', 'With Sigicom for Calibration', 'With Sigicom for Calibration', 'With Sigicom for Calibration', 'With Sigicom for Calibration', 'With Sigicom for Calibration', '25388 - Vyrnwy Scheme', '25388 - Vyrnwy Scheme', '25388 - Vyrnwy Scheme', '25388 - Vyrnwy Scheme', '25388 - Vyrnwy Scheme', '25388 - Vyrnwy Scheme', '25388 - Vyrnwy Scheme', '25388 - Vyrnwy Scheme', '25388 - Vyrnwy Scheme', '25388 - Vyrnwy Scheme', '25388 - Vyrnwy Scheme', '25388 - Vyrnwy Scheme', '25388 - Vyrnwy Scheme']
	Available	Sigicom	C22	106471	Moniteye	15/05/2025	19/11/2026	Available - RPB	['25521 - Michigan Drive', '25521 - Michigan Drive', '25521 - Michigan Drive', '25521 - Michigan Drive', '25521 - Michigan Drive', '25521 - Michigan Drive', '25521 - Michigan Drive', '25521 - Michigan Drive', '25521 - Michigan Drive', '25521 - Michigan Drive', '25521 - Michigan Drive', '25521 - Michigan Drive', '25521 - Michigan Drive', '25521 - Michigan Drive', '25521 - Michigan Drive', '25521 - Michigan Drive', '25521 - Michigan Drive', '25521 - Michigan Drive', '25521 - Michigan Drive', '25521 - Michigan Drive', 'Available - RPB', 'Available - RPB', 'Available - RPB', 'Available - RPB', 'Available - RPB', 'Available - RPB', 'Available - RPB', 'Available - RPB', 'Available - RPB', 'Available - RPB', 'Available - RPB', 'Available - RPB', 'Available - RPB']
	Good	Sigicom	C22	107759	Moniteye	???	01/02/2026	25388 - Vyrnwy Scheme - Rose Cottage	['25388 - Vyrnwy Scheme - Rose Cottage', '25388 - Vyrnwy Scheme - Rose Cottage', '25388 - Vyrnwy Scheme - Rose Cottage', '25388 - Vyrnwy Scheme - Rose Cottage', '25388 - Vyrnwy Scheme - Rose Cottage', '25388 - Vyrnwy Scheme - Rose Cottage', '25388 - Vyrnwy Scheme - Rose Cottage', '25388 - Vyrnwy Scheme - Rose Cottage', '25388 - Vyrnwy Scheme - Rose Cottage', '25388 - Vyrnwy Scheme - Rose Cottage', '25388 - Vyrnwy Scheme - Rose Cottage', '25388 - Vyrnwy Scheme - Rose Cottage', '25388 - Vyrnwy Scheme - Rose Cottage', '25388 - Vyrnwy Scheme - Rose Cottage', '25388 - Vyrnwy Scheme - Rose Cottage', '25388 - Vyrnwy Scheme - Rose Cottage', '25388 - Vyrnwy Scheme - Rose Cottage', '25388 - Vyrnwy Scheme - Rose Cottage', '25388 - Vyrnwy Scheme - Rose Cottage', '25388 - Vyrnwy Scheme - Rose Cottage', '25388 - Vyrnwy Scheme - Rose Cottage', '25388 - Vyrnwy Scheme - Rose Cottage', '25388 - Vyrnwy Scheme - Rose Cottage', '25388 - Vyrnwy Scheme - Rose Cottage', '25388 - Vyrnwy Scheme - Rose Cottage', '25388 - Vyrnwy Scheme - Rose Cottage', '25388 - Vyrnwy Scheme - Rose Cottage', '25388 - Vyrnwy Scheme - Rose Cottage', '25388 - Vyrnwy Scheme - Rose Cottage', '25388 - Vyrnwy Scheme - Rose Cottage', '25388 - Vyrnwy Scheme - Rose Cottage', '25388 - Vyrnwy Scheme - Rose Cottage', '25388 - Vyrnwy Scheme - Rose Cottage']
	O/C	Sigicom	C22	107760	Moniteye	16/07/2025	29/10/2023	25502 - Pembroke	['25502 - Pembroke', '25502 - Pembroke', '25502 - Pembroke', '25502 - Pembroke', '25502 - Pembroke', '25502 - Pembroke', '25502 - Pembroke', '25502 - Pembroke', '25502 - Pembroke', '25502 - Pembroke', '25502 - Pembroke', '25502 - Pembroke', '25502 - Pembroke', '25502 - Pembroke', '25502 - Pembroke', '25502 - Pembroke', '25502 - Pembroke', '25502 - Pembroke', '25502 - Pembroke', '25502 - Pembroke', '25502 - Pembroke', '25502 - Pembroke', '25502 - Pembroke', '25502 - Pembroke', '25502 - Pembroke', '25502 - Pembroke', '25502 - Pembroke', '25502 - Pembroke', '25502 - Pembroke', '25502 - Pembroke', '25502 - Pembroke', '25502 - Pembroke', '25502 - Pembroke']
	Good	Sigicom	C22	108597	Moniteye	???	01/02/2026	25388 - Vyrnwy Scheme - Yew Tree Farm	['25388 - Vyrnwy Scheme - Yew Tree Farm', '25388 - Vyrnwy Scheme - Yew Tree Farm', '25388 - Vyrnwy Scheme - Yew Tree Farm', '25388 - Vyrnwy Scheme - Yew Tree Farm', '25388 - Vyrnwy Scheme - Yew Tree Farm', '25388 - Vyrnwy Scheme - Yew Tree Farm', '25388 - Vyrnwy Scheme - Yew Tree Farm', '25388 - Vyrnwy Scheme - Yew Tree Farm', '25388 - Vyrnwy Scheme - Yew Tree Farm', '25388 - Vyrnwy Scheme - Yew Tree Farm', '25388 - Vyrnwy Scheme - Yew Tree Farm', '25388 - Vyrnwy Scheme - Yew Tree Farm', '25388 - Vyrnwy Scheme - Yew Tree Farm', '25388 - Vyrnwy Scheme - Yew Tree Farm', '25388 - Vyrnwy Scheme - Yew Tree Farm', '25388 - Vyrnwy Scheme - Yew Tree Farm', '25388 - Vyrnwy Scheme - Yew Tree Farm', '25388 - Vyrnwy Scheme - Yew Tree Farm', '25388 - Vyrnwy Scheme - Yew Tree Farm', '25388 - Vyrnwy Scheme - Yew Tree Farm', '25388 - Vyrnwy Scheme - Yew Tree Farm', '25388 - Vyrnwy Scheme - Yew Tree Farm', '25388 - Vyrnwy Scheme - Yew Tree Farm', '25388 - Vyrnwy Scheme - Yew Tree Farm', '25388 - Vyrnwy Scheme - Yew Tree Farm', '25388 - Vyrnwy Scheme - Yew Tree Farm', '25388 - Vyrnwy Scheme - Yew Tree Farm', '25388 - Vyrnwy Scheme - Yew Tree Farm', '25388 - Vyrnwy Scheme - Yew Tree Farm', '25388 - Vyrnwy Scheme - Yew Tree Farm', '25388 - Vyrnwy Scheme - Yew Tree Farm', '25388 - Vyrnwy Scheme - Yew Tree Farm', '25388 - Vyrnwy Scheme - Yew Tree Farm']
	O/C	Sigicom	C22	110396	Moniteye	???	06/09/2024	25388 - Vyrnwy Scheme - Walkman's Lodge	["25388 - Vyrnwy Scheme - Walkman's Lodge", "25388 - Vyrnwy Scheme - Walkman's Lodge", "25388 - Vyrnwy Scheme - Walkman's Lodge", "25388 - Vyrnwy Scheme - Walkman's Lodge", "25388 - Vyrnwy Scheme - Walkman's Lodge", "25388 - Vyrnwy Scheme - Walkman's Lodge", "25388 - Vyrnwy Scheme - Walkman's Lodge", "25388 - Vyrnwy Scheme - Walkman's Lodge", "25388 - Vyrnwy Scheme - Walkman's Lodge", "25388 - Vyrnwy Scheme - Walkman's Lodge", "25388 - Vyrnwy Scheme - Walkman's Lodge", "25388 - Vyrnwy Scheme - Walkman's Lodge", "25388 - Vyrnwy Scheme - Walkman's Lodge", "25388 - Vyrnwy Scheme - Walkman's Lodge", "25388 - Vyrnwy Scheme - Walkman's Lodge", "25388 - Vyrnwy Scheme - Walkman's Lodge", "25388 - Vyrnwy Scheme - Walkman's Lodge", "25388 - Vyrnwy Scheme - Walkman's Lodge", "25388 - Vyrnwy Scheme - Walkman's Lodge", "25388 - Vyrnwy Scheme - Walkman's Lodge", "25388 - Vyrnwy Scheme - Walkman's Lodge", "25388 - Vyrnwy Scheme - Walkman's Lodge", "25388 - Vyrnwy Scheme - Walkman's Lodge", "25388 - Vyrnwy Scheme - Walkman's Lodge", "25388 - Vyrnwy Scheme - Walkman's Lodge", "25388 - Vyrnwy Scheme - Walkman's Lodge", "25388 - Vyrnwy Scheme - Walkman's Lodge", "25388 - Vyrnwy Scheme - Walkman's Lodge", "25388 - Vyrnwy Scheme - Walkman's Lodge", "25388 - Vyrnwy Scheme - Walkman's Lodge", "25388 - Vyrnwy Scheme - Walkman's Lodge", "25388 - Vyrnwy Scheme - Walkman's Lodge", "25388 - Vyrnwy Scheme - Walkman's Lodge"]
	Good	Sigicom	D10	111016	Moniteye	09/08/2026		25543 - 7 Bramerton Street	['Sigicom Instructed to Repair', 'Sigicom Instructed to Repair', 'Available - RPB', 'Available - RPB', 'Available - RPB', '25486 - Briarlands Close - Bramhall Methodist Church', 'Available - AN', 'Available - AN', 'Available - AN', 'Available - AN', 'Available - AN', '25543 - 7 Bramerton Street', '25543 - 7 Bramerton Street', '25543 - 7 Bramerton Street', '25543 - 7 Bramerton Street', '25543 - 7 Bramerton Street', '25543 - 7 Bramerton Street', '25543 - 7 Bramerton Street', '25543 - 7 Bramerton Street', '25543 - 7 Bramerton Street', '25543 - 7 Bramerton Street', '25543 - 7 Bramerton Street', '25543 - 7 Bramerton Street', '25543 - 7 Bramerton Street', '25543 - 7 Bramerton Street', '25543 - 7 Bramerton Street', '25543 - 7 Bramerton Street', '25543 - 7 Bramerton Street', '25543 - 7 Bramerton Street', '25543 - 7 Bramerton Street', '25543 - 7 Bramerton Street', '25543 - 7 Bramerton Street', '25543 - 7 Bramerton Street']
	MIA	Sigicom	D10	108428	Moniteye			Stolen from Site - 20/05/2024	['Stolen from Site - 20/05/2036', '25315 - Leighton Street, Atherton', 'Stolen from Site - 20/05/2024', 'Stolen from Site - 20/05/2024', 'Stolen from Site - 20/05/2024', 'Stolen from Site - 20/05/2024', 'Stolen from Site - 20/05/2024', 'Stolen from Site - 20/05/2024', 'Stolen from Site - 20/05/2024', 'Stolen from Site - 20/05/2024', 'Stolen from Site - 20/05/2024', 'Stolen from Site - 20/05/2024', 'Stolen from Site - 20/05/2024', 'Stolen from Site - 20/05/2024', 'Stolen from Site - 20/05/2024', 'Stolen from Site - 20/05/2024', 'Stolen from Site - 20/05/2024', 'Stolen from Site - 20/05/2024', 'Stolen from Site - 20/05/2024', 'Stolen from Site - 20/05/2024', 'Stolen from Site - 20/05/2024', 'Stolen from Site - 20/05/2024', 'Stolen from Site - 20/05/2024', 'Stolen from Site - 20/05/2024', 'Stolen from Site - 20/05/2024', 'Stolen from Site - 20/05/2024', 'Stolen from Site - 20/05/2024', 'Stolen from Site - 20/05/2024', 'Stolen from Site - 20/05/2024', 'Stolen from Site - 20/05/2024', 'Stolen from Site - 20/05/2024', 'Stolen from Site - 20/05/2024', 'Stolen from Site - 20/05/2024']
	Good	Sigicom	C22	111643	Moniteye	11/06/2025	07/07/2025	25388 - Vyrnwy Scheme - Green Hedges	['Available - RPB', '25388 - Vyrnwy Scheme - Green Hedges', '25388 - Vyrnwy Scheme - Green Hedges', '25388 - Vyrnwy Scheme - Green Hedges', '25388 - Vyrnwy Scheme - Green Hedges', '25388 - Vyrnwy Scheme - Green Hedges', '25388 - Vyrnwy Scheme - Green Hedges', '25388 - Vyrnwy Scheme - Green Hedges', '25388 - Vyrnwy Scheme - Green Hedges', '25388 - Vyrnwy Scheme - Green Hedges', '25388 - Vyrnwy Scheme - Green Hedges', '25388 - Vyrnwy Scheme - Green Hedges', '25388 - Vyrnwy Scheme - Green Hedges', '25388 - Vyrnwy Scheme - Green Hedges', '25388 - Vyrnwy Scheme - Green Hedges', '25388 - Vyrnwy Scheme - Green Hedges', '25388 - Vyrnwy Scheme - Green Hedges', '25388 - Vyrnwy Scheme - Green Hedges', '25388 - Vyrnwy Scheme - Green Hedges', '25388 - Vyrnwy Scheme - Green Hedges', '25388 - Vyrnwy Scheme - Green Hedges', '25388 - Vyrnwy Scheme - Green Hedges', '25388 - Vyrnwy Scheme - Green Hedges', '25388 - Vyrnwy Scheme - Green Hedges', '25388 - Vyrnwy Scheme - Green Hedges', '25388 - Vyrnwy Scheme - Green Hedges', '25388 - Vyrnwy Scheme - Green Hedges', '25388 - Vyrnwy Scheme - Green Hedges', '25388 - Vyrnwy Scheme - Green Hedges', '25388 - Vyrnwy Scheme - Green Hedges', '25388 - Vyrnwy Scheme - Green Hedges', '25388 - Vyrnwy Scheme - Green Hedges', '25388 - Vyrnwy Scheme - Green Hedges']
	Good	Sigicom	C22	112567	Moniteye	???	19/09/2025	25388 - Vyrnwy Scheme - Rose Cottage	['25388 - Vyrnwy Scheme - Rose Cottage', '25388 - Vyrnwy Scheme - Rose Cottage', '25388 - Vyrnwy Scheme - Rose Cottage', '25388 - Vyrnwy Scheme - Rose Cottage', '25388 - Vyrnwy Scheme - Rose Cottage', '25388 - Vyrnwy Scheme - Rose Cottage', '25388 - Vyrnwy Scheme - Rose Cottage', '25388 - Vyrnwy Scheme - Rose Cottage', '25388 - Vyrnwy Scheme - Rose Cottage', '25388 - Vyrnwy Scheme - Rose Cottage', '25388 - Vyrnwy Scheme - Rose Cottage', '25388 - Vyrnwy Scheme - Rose Cottage', '25388 - Vyrnwy Scheme - Rose Cottage', '25388 - Vyrnwy Scheme - Rose Cottage', '25388 - Vyrnwy Scheme - Rose Cottage', '25388 - Vyrnwy Scheme - Rose Cottage', '25388 - Vyrnwy Scheme - Rose Cottage', '25388 - Vyrnwy Scheme - Rose Cottage', '25388 - Vyrnwy Scheme - Rose Cottage', '25388 - Vyrnwy Scheme - Rose Cottage', '25388 - Vyrnwy Scheme - Rose Cottage', '25388 - Vyrnwy Scheme - Rose Cottage', '25388 - Vyrnwy Scheme - Rose Cottage', '25388 - Vyrnwy Scheme - Rose Cottage', '25388 - Vyrnwy Scheme - Rose Cottage', '25388 - Vyrnwy Scheme - Rose Cottage', '25388 - Vyrnwy Scheme - Rose Cottage', '25388 - Vyrnwy Scheme - Rose Cottage', '25388 - Vyrnwy Scheme - Rose Cottage', '25388 - Vyrnwy Scheme - Rose Cottage', '25388 - Vyrnwy Scheme - Rose Cottage', '25388 - Vyrnwy Scheme - Rose Cottage', '25388 - Vyrnwy Scheme - Rose Cottage']
	O/C	Sigicom	C22	111391	Moniteye	???	19/04/2025	25465 - 217 Nuttall Lane, Ramsbottom. Bury	['25465 - 217 Nuttall Lane, Ramsbottom. Bury', '25465 - 217 Nuttall Lane, Ramsbottom. Bury', '25465 - 217 Nuttall Lane, Ramsbottom. Bury', '25465 - 217 Nuttall Lane, Ramsbottom. Bury', '25465 - 217 Nuttall Lane, Ramsbottom. Bury', '25465 - 217 Nuttall Lane, Ramsbottom. Bury', '25465 - 217 Nuttall Lane, Ramsbottom. Bury', '25465 - 217 Nuttall Lane, Ramsbottom. Bury', '25465 - 217 Nuttall Lane, Ramsbottom. Bury', '25465 - 217 Nuttall Lane, Ramsbottom. Bury', '25465 - 217 Nuttall Lane, Ramsbottom. Bury', '25465 - 217 Nuttall Lane, Ramsbottom. Bury', '25465 - 217 Nuttall Lane, Ramsbottom. Bury', '25465 - 217 Nuttall Lane, Ramsbottom. Bury', '25465 - 217 Nuttall Lane, Ramsbottom. Bury', '25465 - 217 Nuttall Lane, Ramsbottom. Bury', '25465 - 217 Nuttall Lane, Ramsbottom. Bury', '25465 - 217 Nuttall Lane, Ramsbottom. Bury', '25465 - 217 Nuttall Lane, Ramsbottom. Bury', '25465 - 217 Nuttall Lane, Ramsbottom. Bury', '25465 - 217 Nuttall Lane, Ramsbottom. Bury', '25465 - 217 Nuttall Lane, Ramsbottom. Bury', '25465 - 217 Nuttall Lane, Ramsbottom. Bury', '25465 - 217 Nuttall Lane, Ramsbottom. Bury', '25465 - 217 Nuttall Lane, Ramsbottom. Bury', '25465 - 217 Nuttall Lane, Ramsbottom. Bury', '25465 - 217 Nuttall Lane, Ramsbottom. Bury', '25465 - 217 Nuttall Lane, Ramsbottom. Bury', '25465 - 217 Nuttall Lane, Ramsbottom. Bury', '25465 - 217 Nuttall Lane, Ramsbottom. Bury', '25465 - 217 Nuttall Lane, Ramsbottom. Bury', '25465 - 217 Nuttall Lane, Ramsbottom. Bury', '25465 - 217 Nuttall Lane, Ramsbottom. Bury']
	O/C	Sigicom	C22	113147	Moniteye	16/07/2025	19/04/2025	25502 - Pembroke	['25502 - Pembroke', '25502 - Pembroke', '25502 - Pembroke', '25502 - Pembroke', '25502 - Pembroke', '25502 - Pembroke', '25502 - Pembroke', '25502 - Pembroke', '25502 - Pembroke', '25502 - Pembroke', '25502 - Pembroke', '25502 - Pembroke', '25502 - Pembroke', '25502 - Pembroke', '25502 - Pembroke', '25502 - Pembroke', '25502 - Pembroke', '25502 - Pembroke', '25502 - Pembroke', '25502 - Pembroke', '25502 - Pembroke', '25502 - Pembroke', '25502 - Pembroke', '25502 - Pembroke', '25502 - Pembroke', '25502 - Pembroke', '25502 - Pembroke', '25502 - Pembroke', '25502 - Pembroke', '25502 - Pembroke', '25502 - Pembroke', '25502 - Pembroke', '25502 - Pembroke']
	Good	Sigicom	C22	113574	Moniteye	11/06/2025	18/08/2025	25388 - Vyrnwy Scheme - Substation	['25501 - Longsight Mews', '25501 - Longsight Mews', '25501 - Longsight Mews', '25501 - Longsight Mews', '25388 - Vyrnwy Scheme - Substation', '25388 - Vyrnwy Scheme - Substation', '25388 - Vyrnwy Scheme - Substation', '25388 - Vyrnwy Scheme - Substation', '25388 - Vyrnwy Scheme - Substation', '25388 - Vyrnwy Scheme - Substation', '25388 - Vyrnwy Scheme - Substation', '25388 - Vyrnwy Scheme - Substation', '25388 - Vyrnwy Scheme - Substation', '25388 - Vyrnwy Scheme - Substation', '25388 - Vyrnwy Scheme - Substation', '25388 - Vyrnwy Scheme - Substation', '25388 - Vyrnwy Scheme - Substation', '25388 - Vyrnwy Scheme - Substation', '25388 - Vyrnwy Scheme - Substation', '25388 - Vyrnwy Scheme - Substation', '25388 - Vyrnwy Scheme - Substation', '25388 - Vyrnwy Scheme - Substation', '25388 - Vyrnwy Scheme - Substation', '25388 - Vyrnwy Scheme - Substation', '25388 - Vyrnwy Scheme - Substation', '25388 - Vyrnwy Scheme - Substation', '25388 - Vyrnwy Scheme - Substation', '25388 - Vyrnwy Scheme - Substation', '25388 - Vyrnwy Scheme - Substation', '25388 - Vyrnwy Scheme - Substation', '25388 - Vyrnwy Scheme - Substation', '25388 - Vyrnwy Scheme - Substation', '25388 - Vyrnwy Scheme - Substation']
	Good	Sigicom	C22	114484	Moniteye	???	27/02/2026	25453 - 17 Lower Nuttall Road, Ramsbottom, Bury	['25453 - 17 Lower Nuttall Road, Ramsbottom, Bury', '25453 - 17 Lower Nuttall Road, Ramsbottom, Bury', '25453 - 17 Lower Nuttall Road, Ramsbottom, Bury', '25453 - 17 Lower Nuttall Road, Ramsbottom, Bury', '25453 - 17 Lower Nuttall Road, Ramsbottom, Bury', '25453 - 17 Lower Nuttall Road, Ramsbottom, Bury', '25453 - 17 Lower Nuttall Road, Ramsbottom, Bury', '25453 - 17 Lower Nuttall Road, Ramsbottom, Bury', '25453 - 17 Lower Nuttall Road, Ramsbottom, Bury', '25453 - 17 Lower Nuttall Road, Ramsbottom, Bury', '25453 - 17 Lower Nuttall Road, Ramsbottom, Bury', '25453 - 17 Lower Nuttall Road, Ramsbottom, Bury', '25453 - 17 Lower Nuttall Road, Ramsbottom, Bury', '25453 - 17 Lower Nuttall Road, Ramsbottom, Bury', '25453 - 17 Lower Nuttall Road, Ramsbottom, Bury', '25453 - 17 Lower Nuttall Road, Ramsbottom, Bury', '25453 - 17 Lower Nuttall Road, Ramsbottom, Bury', '25453 - 17 Lower Nuttall Road, Ramsbottom, Bury', '25453 - 17 Lower Nuttall Road, Ramsbottom, Bury', '25453 - 17 Lower Nuttall Road, Ramsbottom, Bury', '25453 - 17 Lower Nuttall Road, Ramsbottom, Bury', '25453 - 17 Lower Nuttall Road, Ramsbottom, Bury', '25453 - 17 Lower Nuttall Road, Ramsbottom, Bury', '25453 - 17 Lower Nuttall Road, Ramsbottom, Bury', '25453 - 17 Lower Nuttall Road, Ramsbottom, Bury', '25453 - 17 Lower Nuttall Road, Ramsbottom, Bury', '25453 - 17 Lower Nuttall Road, Ramsbottom, Bury', '25453 - 17 Lower Nuttall Road, Ramsbottom, Bury', '25453 - 17 Lower Nuttall Road, Ramsbottom, Bury', '25453 - 17 Lower Nuttall Road, Ramsbottom, Bury', '25453 - 17 Lower Nuttall Road, Ramsbottom, Bury', '25453 - 17 Lower Nuttall Road, Ramsbottom, Bury', '25453 - 17 Lower Nuttall Road, Ramsbottom, Bury']
	Good	Davis	Vantage Pro 2	Unknown	Unknown	???	Unknown	25373 - Coleham Pumping Station, Shrewsbury.	['25373 - Coleham Pumping Station, Shrewsbury.', '25373 - Coleham Pumping Station, Shrewsbury.', '25373 - Coleham Pumping Station, Shrewsbury.', '25373 - Coleham Pumping Station, Shrewsbury.', '25373 - Coleham Pumping Station, Shrewsbury.', '25373 - Coleham Pumping Station, Shrewsbury.', '25373 - Coleham Pumping Station, Shrewsbury.', '25373 - Coleham Pumping Station, Shrewsbury.', '25373 - Coleham Pumping Station, Shrewsbury.', '25373 - Coleham Pumping Station, Shrewsbury.', '25373 - Coleham Pumping Station, Shrewsbury.', '25373 - Coleham Pumping Station, Shrewsbury.', '25373 - Coleham Pumping Station, Shrewsbury.', '25373 - Coleham Pumping Station, Shrewsbury.', '25373 - Coleham Pumping Station, Shrewsbury.', '25373 - Coleham Pumping Station, Shrewsbury.', '25373 - Coleham Pumping Station, Shrewsbury.', '25373 - Coleham Pumping Station, Shrewsbury.', '25373 - Coleham Pumping Station, Shrewsbury.', '25373 - Coleham Pumping Station, Shrewsbury.', '25373 - Coleham Pumping Station, Shrewsbury.', '25373 - Coleham Pumping Station, Shrewsbury.', '25373 - Coleham Pumping Station, Shrewsbury.', '25373 - Coleham Pumping Station, Shrewsbury.', '25373 - Coleham Pumping Station, Shrewsbury.', '25373 - Coleham Pumping Station, Shrewsbury.', '25373 - Coleham Pumping Station, Shrewsbury.', '25373 - Coleham Pumping Station, Shrewsbury.', '25373 - Coleham Pumping Station, Shrewsbury.', '25373 - Coleham Pumping Station, Shrewsbury.', '25373 - Coleham Pumping Station, Shrewsbury.', '25373 - Coleham Pumping Station, Shrewsbury.', '25373 - Coleham Pumping Station, Shrewsbury.']
Hire D10 1	Returned	Sigicom	D10	106175	Sigicom			Returned to Sigicom 18/03/2025 by RPB	['25321 - Candelan Way, High Legh', '25321 - Candelan Way, High Legh', '25321 - Candelan Way, High Legh', '25321 - Candelan Way, High Legh', '25321 - Candelan Way, High Legh', '25321 - Candelan Way, High Legh', '25321 - Candelan Way, High Legh', '25321 - Candelan Way, High Legh', '25321 - Candelan Way, High Legh', '25321 - Candelan Way, High Legh', '25321 - Candelan Way, High Legh', 'Returned to Sigicom 18/03/2025 by RPB', 'Returned to Sigicom 18/03/2025 by RPB', 'Returned to Sigicom 18/03/2025 by RPB', 'Returned to Sigicom 18/03/2025 by RPB', 'Returned to Sigicom 18/03/2025 by RPB', 'Returned to Sigicom 18/03/2025 by RPB', 'Returned to Sigicom 18/03/2025 by RPB', 'Returned to Sigicom 18/03/2025 by RPB', 'Returned to Sigicom 18/03/2025 by RPB', 'Returned to Sigicom 18/03/2025 by RPB', 'Returned to Sigicom 18/03/2025 by RPB', 'Returned to Sigicom 18/03/2025 by RPB', 'Returned to Sigicom 18/03/2025 by RPB', 'Returned to Sigicom 18/03/2025 by RPB', 'Returned to Sigicom 18/03/2025 by RPB', 'Returned to Sigicom 18/03/2025 by RPB', 'Returned to Sigicom 18/03/2025 by RPB', 'Returned to Sigicom 18/03/2025 by RPB', 'Returned to Sigicom 18/03/2025 by RPB', 'Returned to Sigicom 18/03/2025 by RPB', 'Returned to Sigicom 18/03/2025 by RPB', 'Returned to Sigicom 18/03/2025 by RPB']
	Beyond Repair	Sigicom	S50	14887	Moniteye		29/09/2024	Retired	['25321 - Candelan Way, High Legh', '25321 - Candelan Way, High Legh', '25321 - Candelan Way, High Legh', '25321 - Candelan Way, High Legh', '25321 - Candelan Way, High Legh', '25321 - Candelan Way, High Legh', '25321 - Candelan Way, High Legh', '25321 - Candelan Way, High Legh', '25321 - Candelan Way, High Legh', '25321 - Candelan Way, High Legh', '25321 - Candelan Way, High Legh', 'With Sigicom for Calibration', 'With Sigicom for Calibration', 'With Sigicom for Calibration', 'With Sigicom for Calibration', 'With Sigicom for Calibration', 'With Sigicom for Calibration', 'With Sigicom for Calibration', 'With Sigicom for Calibration', 'With Sigicom for Calibration', 'Retired', 'Retired', 'Retired', 'Retired', 'Retired', 'Retired', 'Retired', 'Retired', 'Retired', 'Retired', 'Retired', 'Retired', 'Retired']
	Good	Sigicom	S50	13477	Moniteye	09/08/2026	14/10/2026	25543 - 7 Bramerton Street	['25321 - Candelan Way, High Legh', '25321 - Candelan Way, High Legh', '25321 - Candelan Way, High Legh', '25321 - Candelan Way, High Legh', '25321 - Candelan Way, High Legh', '25321 - Candelan Way, High Legh', '25321 - Candelan Way, High Legh', '25321 - Candelan Way, High Legh', '25321 - Candelan Way, High Legh', '25321 - Candelan Way, High Legh', '25321 - Candelan Way, High Legh', '25543 - 7 Bramerton Street', '25543 - 7 Bramerton Street', '25543 - 7 Bramerton Street', '25543 - 7 Bramerton Street', '25543 - 7 Bramerton Street', '25543 - 7 Bramerton Street', '25543 - 7 Bramerton Street', '25543 - 7 Bramerton Street', '25543 - 7 Bramerton Street', '25543 - 7 Bramerton Street', '25543 - 7 Bramerton Street', '25543 - 7 Bramerton Street', '25543 - 7 Bramerton Street', '25543 - 7 Bramerton Street', '25543 - 7 Bramerton Street', '25543 - 7 Bramerton Street', '25543 - 7 Bramerton Street', '25543 - 7 Bramerton Street', '25543 - 7 Bramerton Street', '25543 - 7 Bramerton Street', '25543 - 7 Bramerton Street', '25543 - 7 Bramerton Street']
	Retired	Sigicom	V12	33980	Moniteye		17/07/2026	Part Exchanged for new C22	['Available - AN', 'Available - AN', 'Available - AN', 'Available - AN', 'Available - AN', 'Available - RPB', 'Available - RPB', 'Available - RPB', 'Available - RPB', 'Available - RPB', 'Available - RPB', 'Available - RPB', 'Available - RPB', 'Available - RPB', 'Available - RPB', 'Available - RPB', 'Available - RPB', 'Available - RPB', 'Part Exchanged for new C22', 'Part Exchanged for new C22', 'Part Exchanged for new C22', 'Part Exchanged for new C22', 'Part Exchanged for new C22', 'Part Exchanged for new C22', 'Part Exchanged for new C22', 'Part Exchanged for new C22', 'Part Exchanged for new C22', 'Part Exchanged for new C22', 'Part Exchanged for new C22', 'Part Exchanged for new C22', 'Part Exchanged for new C22', 'Part Exchanged for new C22', 'Part Exchanged for new C22']
	Beyond Repair	Sigicom	S50	14893	Moniteye		22/09/2024	Retired	['Damaged Microphone Capsule - Out of Service', '25321 - Candelan Way, High Legh - United Utilities', '25321 - Candelan Way, High Legh - United Utilities', '25321 - Candelan Way, High Legh - United Utilities', '25321 - Candelan Way, High Legh - United Utilities', '25321 - Candelan Way, High Legh - United Utilities', '25321 - Candelan Way, High Legh - United Utilities', '25321 - Candelan Way, High Legh - United Utilities', '25321 - Candelan Way, High Legh - United Utilities', '25321 - Candelan Way, High Legh - United Utilities', '25321 - Candelan Way, High Legh - United Utilities', '25321 - Candelan Way, High Legh - United Utilities', '25321 - Candelan Way, High Legh - United Utilities', '25321 - Candelan Way, High Legh - United Utilities', '25321 - Candelan Way, High Legh - United Utilities', '25321 - Candelan Way, High Legh - United Utilities', '25321 - Candelan Way, High Legh - United Utilities', '25321 - Candelan Way, High Legh - United Utilities', '25321 - Candelan Way, High Legh - United Utilities', '25321 - Candelan Way, High Legh - United Utilities', 'Retired', 'Retired', 'Retired', 'Retired', 'Retired', 'Retired', 'Retired', 'Retired', 'Retired', 'Retired', 'Retired', 'Retired', 'Retired']
	Retired	Sigicom	V12	33970	Moniteye		17/07/2026	Part Exchanged for new C22	['Available - AN', 'Available - AN', 'Available - AN', 'Available - AN', 'Available - AN', '25486 - Briarlands Close - Bramhall Methodist Church', 'Available - AN', 'Available - AN', 'Available - AN', 'Available - AN', 'Available - AN', 'Available - RPB', 'Available - RPB', 'Available - RPB', 'Available - RPB', 'Available - RPB', 'Available - RPB', 'Available - RPB', 'Part Exchanged for new C22', 'Part Exchanged for new C22', 'Part Exchanged for new C22', 'Part Exchanged for new C22', 'Part Exchanged for new C22', 'Part Exchanged for new C22', 'Part Exchanged for new C22', 'Part Exchanged for new C22', 'Part Exchanged for new C22', 'Part Exchanged for new C22', 'Part Exchanged for new C22', 'Part Exchanged for new C22', 'Part Exchanged for new C22', 'Part Exchanged for new C22', 'Part Exchanged for new C22']
	Good	Sigicom	C22	116410	Moniteye	???	04/07/2026	25461 - Hoyles Lane	['25461 - Hoyles Lane', '25461 - Hoyles Lane', '25461 - Hoyles Lane', '25461 - Hoyles Lane', '25461 - Hoyles Lane', '25461 - Hoyles Lane', '25461 - Hoyles Lane', '25461 - Hoyles Lane', '25461 - Hoyles Lane', '25461 - Hoyles Lane', '25461 - Hoyles Lane', '25461 - Hoyles Lane', '25461 - Hoyles Lane', '25461 - Hoyles Lane', '25461 - Hoyles Lane', '25461 - Hoyles Lane', '25461 - Hoyles Lane', '25461 - Hoyles Lane', '25461 - Hoyles Lane', '25461 - Hoyles Lane', '25461 - Hoyles Lane', '25461 - Hoyles Lane', '25461 - Hoyles Lane', '25461 - Hoyles Lane', '25461 - Hoyles Lane', '25461 - Hoyles Lane', '25461 - Hoyles Lane', '25461 - Hoyles Lane', '25461 - Hoyles Lane', '25461 - Hoyles Lane', '25461 - Hoyles Lane', '25461 - Hoyles Lane', '25461 - Hoyles Lane']
Acacia	Good	Sigicom	C50	117042	Moniteye	09/08/2026	10/07/2026	25543 - 7 Bramerton Street	['Available - RPB', 'Available - RPB', 'Available - RPB', 'Available - RPB', 'Available - RPB', 'Available - RPB', 'Available - RPB', 'Available - RPB', 'Available - RPB', 'Available - RPB', '25537 - Land at Thorley House, Bishops ', '25543 - 7 Bramerton Street', '25543 - 7 Bramerton Street', '25543 - 7 Bramerton Street', '25543 - 7 Bramerton Street', '25543 - 7 Bramerton Street', '25543 - 7 Bramerton Street', '25543 - 7 Bramerton Street', '25543 - 7 Bramerton Street', '25543 - 7 Bramerton Street', '25543 - 7 Bramerton Street', '25543 - 7 Bramerton Street', '25543 - 7 Bramerton Street', '25543 - 7 Bramerton Street', '25543 - 7 Bramerton Street', '25543 - 7 Bramerton Street', '25543 - 7 Bramerton Street', '25543 - 7 Bramerton Street', '25543 - 7 Bramerton Street', '25543 - 7 Bramerton Street', '25543 - 7 Bramerton Street', '25543 - 7 Bramerton Street', '25543 - 7 Bramerton Street']
Buttercup	Good	Sigicom	C50	117043	Moniteye	???	10/07/2026	25151 - Wood End	['25151 - Wood End', '25151 - Wood End', '25151 - Wood End', '25151 - Wood End', '25151 - Wood End', '25151 - Wood End', '25151 - Wood End', '25151 - Wood End', '25151 - Wood End', '25151 - Wood End', '25151 - Wood End', '25151 - Wood End', '25151 - Wood End', '25151 - Wood End', '25151 - Wood End', '25151 - Wood End', '25151 - Wood End', '25151 - Wood End', '25151 - Wood End', '25151 - Wood End', '25151 - Wood End', '25151 - Wood End', '25151 - Wood End', '25151 - Wood End', '25151 - Wood End', '25151 - Wood End', '25151 - Wood End', '25151 - Wood End', '25151 - Wood End', '25151 - Wood End', '25151 - Wood End', '25151 - Wood End', '25151 - Wood End']
	Good	Sigicom	C22	116823	Moniteye	16/07/2025	15/08/2026	25514 - Pembroke	['25514 - Pembroke', '25514 - Pembroke', '25514 - Pembroke', '25514 - Pembroke', '25514 - Pembroke', '25514 - Pembroke', '25514 - Pembroke', '25514 - Pembroke', '25514 - Pembroke', '25514 - Pembroke', '25514 - Pembroke', '25514 - Pembroke', '25514 - Pembroke', '25514 - Pembroke', '25514 - Pembroke', '25514 - Pembroke', '25514 - Pembroke', '25514 - Pembroke', '25514 - Pembroke', '25514 - Pembroke', '25514 - Pembroke', '25514 - Pembroke', '25514 - Pembroke', '25514 - Pembroke', '25514 - Pembroke', '25514 - Pembroke', '25514 - Pembroke', '25514 - Pembroke', '25514 - Pembroke', '25514 - Pembroke', '25514 - Pembroke', '25514 - Pembroke', '25514 - Pembroke']
	Good	Sigicom	C22	116824	Moniteye	16/07/2025	15/08/2026	25514 - Pembroke	['25514 - Pembroke', '25514 - Pembroke', '25514 - Pembroke', '25514 - Pembroke', '25514 - Pembroke', '25514 - Pembroke', '25514 - Pembroke', '25514 - Pembroke', '25514 - Pembroke', '25514 - Pembroke', '25514 - Pembroke', '25514 - Pembroke', '25514 - Pembroke', '25514 - Pembroke', '25514 - Pembroke', '25514 - Pembroke', '25514 - Pembroke', '25514 - Pembroke', '25514 - Pembroke', '25514 - Pembroke', '25514 - Pembroke', '25514 - Pembroke', '25514 - Pembroke', '25514 - Pembroke', '25514 - Pembroke', '25514 - Pembroke', '25514 - Pembroke', '25514 - Pembroke', '25514 - Pembroke', '25514 - Pembroke', '25514 - Pembroke', '25514 - Pembroke', '25514 - Pembroke']
	Good	Sigicom	C22	116829	Moniteye	???	15/08/2026	25151 - Wood End	['25151 - Wood End', '25151 - Wood End', '25151 - Wood End', '25151 - Wood End', '25151 - Wood End', '25151 - Wood End', '25151 - Wood End', '25151 - Wood End', '25151 - Wood End', '25151 - Wood End', '25151 - Wood End', '25151 - Wood End', '25151 - Wood End', '25151 - Wood End', '25151 - Wood End', '25151 - Wood End', '25151 - Wood End', '25151 - Wood End', '25151 - Wood End', '25151 - Wood End', '25151 - Wood End', '25151 - Wood End', '25151 - Wood End', '25151 - Wood End', '25151 - Wood End', '25151 - Wood End', '25151 - Wood End', '25151 - Wood End', '25151 - Wood End', '25151 - Wood End', '25151 - Wood End', '25151 - Wood End', '25151 - Wood End']
	Good	Sigicom	C22	116403	Moniteye	16/07/2025	07/06/2026	25514 - Pembroke	['25514 - Pembroke', '25514 - Pembroke', '25514 - Pembroke', '25514 - Pembroke', '25514 - Pembroke', '25514 - Pembroke', '25514 - Pembroke', '25514 - Pembroke', '25514 - Pembroke', '25514 - Pembroke', '25514 - Pembroke', '25514 - Pembroke', '25514 - Pembroke', '25514 - Pembroke', '25514 - Pembroke', '25514 - Pembroke', '25514 - Pembroke', '25514 - Pembroke', '25514 - Pembroke', '25514 - Pembroke', '25514 - Pembroke', '25514 - Pembroke', '25514 - Pembroke', '25514 - Pembroke', '25514 - Pembroke', '25514 - Pembroke', '25514 - Pembroke', '25514 - Pembroke', '25514 - Pembroke', '25514 - Pembroke', '25514 - Pembroke', '25514 - Pembroke', '25514 - Pembroke']
Hire D10 2	Returned	Sigicom	D10	112393	Sigicom			Returned to Sigicom 18/03/2025 by RPB	['25322 - Candelan Way, High Legh - United Utilities', '25322 - Candelan Way, High Legh - United Utilities', '25322 - Candelan Way, High Legh - United Utilities', '25322 - Candelan Way, High Legh - United Utilities', '25322 - Candelan Way, High Legh - United Utilities', '25322 - Candelan Way, High Legh - United Utilities', '25322 - Candelan Way, High Legh - United Utilities', '25322 - Candelan Way, High Legh - United Utilities', '25322 - Candelan Way, High Legh - United Utilities', '25322 - Candelan Way, High Legh - United Utilities', '25322 - Candelan Way, High Legh - United Utilities', 'Returned to Sigicom 18/03/2025 by RPB', 'Returned to Sigicom 18/03/2025 by RPB', 'Returned to Sigicom 18/03/2025 by RPB', 'Returned to Sigicom 18/03/2025 by RPB', 'Returned to Sigicom 18/03/2025 by RPB', 'Returned to Sigicom 18/03/2025 by RPB', 'Returned to Sigicom 18/03/2025 by RPB', 'Returned to Sigicom 18/03/2025 by RPB', 'Returned to Sigicom 18/03/2025 by RPB', 'Returned to Sigicom 18/03/2025 by RPB', 'Returned to Sigicom 18/03/2025 by RPB', 'Returned to Sigicom 18/03/2025 by RPB', 'Returned to Sigicom 18/03/2025 by RPB', 'Returned to Sigicom 18/03/2025 by RPB', 'Returned to Sigicom 18/03/2025 by RPB', 'Returned to Sigicom 18/03/2025 by RPB', 'Returned to Sigicom 18/03/2025 by RPB', 'Returned to Sigicom 18/03/2025 by RPB', 'Returned to Sigicom 18/03/2025 by RPB', 'Returned to Sigicom 18/03/2025 by RPB', 'Returned to Sigicom 18/03/2025 by RPB', 'Returned to Sigicom 18/03/2025 by RPB']
Hire C22 2	Returned	Sigicom	C22	107565	Sigicom		TBC	Returned to Sigicom 18/03/2025 by RPB	['25517 - Southwater, Horsham', '25517 - Southwater, Horsham', '25517 - Southwater, Horsham', '25517 - Southwater, Horsham', '25517 - Southwater, Horsham', '25517 - Southwater, Horsham', '25517 - Southwater, Horsham', '25517 - Southwater, Horsham', '25517 - Southwater, Horsham', '25517 - Southwater, Horsham', '25517 - Southwater, Horsham', 'Returned to Sigicom 18/03/2025 by RPB', 'Returned to Sigicom 18/03/2025 by RPB', 'Returned to Sigicom 18/03/2025 by RPB', 'Returned to Sigicom 18/03/2025 by RPB', 'Returned to Sigicom 18/03/2025 by RPB', 'Returned to Sigicom 18/03/2025 by RPB', 'Returned to Sigicom 18/03/2025 by RPB', 'Returned to Sigicom 18/03/2025 by RPB', 'Returned to Sigicom 18/03/2025 by RPB', 'Returned to Sigicom 18/03/2025 by RPB', 'Returned to Sigicom 18/03/2025 by RPB', 'Returned to Sigicom 18/03/2025 by RPB', 'Returned to Sigicom 18/03/2025 by RPB', 'Returned to Sigicom 18/03/2025 by RPB', 'Returned to Sigicom 18/03/2025 by RPB', 'Returned to Sigicom 18/03/2025 by RPB', 'Returned to Sigicom 18/03/2025 by RPB', 'Returned to Sigicom 18/03/2025 by RPB', 'Returned to Sigicom 18/03/2025 by RPB', 'Returned to Sigicom 18/03/2025 by RPB', 'Returned to Sigicom 18/03/2025 by RPB', 'Returned to Sigicom 18/03/2025 by RPB']
Hire C22 3	Returned	Sigicom	C22	111718	Sigicom		TBC	Returned to Sigicom 18/03/2025 by RPB	['25517 - Southwater, Horsham', '25517 - Southwater, Horsham', '25517 - Southwater, Horsham', '25517 - Southwater, Horsham', '25517 - Southwater, Horsham', '25517 - Southwater, Horsham', '25517 - Southwater, Horsham', '25517 - Southwater, Horsham', '25517 - Southwater, Horsham', '25517 - Southwater, Horsham', '25517 - Southwater, Horsham', 'Returned to Sigicom 18/03/2025 by RPB', 'Returned to Sigicom 18/03/2025 by RPB', 'Returned to Sigicom 18/03/2025 by RPB', 'Returned to Sigicom 18/03/2025 by RPB', 'Returned to Sigicom 18/03/2025 by RPB', 'Returned to Sigicom 18/03/2025 by RPB', 'Returned to Sigicom 18/03/2025 by RPB', 'Returned to Sigicom 18/03/2025 by RPB', 'Returned to Sigicom 18/03/2025 by RPB', 'Returned to Sigicom 18/03/2025 by RPB', 'Returned to Sigicom 18/03/2025 by RPB', 'Returned to Sigicom 18/03/2025 by RPB', 'Returned to Sigicom 18/03/2025 by RPB', 'Returned to Sigicom 18/03/2025 by RPB', 'Returned to Sigicom 18/03/2025 by RPB', 'Returned to Sigicom 18/03/2025 by RPB', 'Returned to Sigicom 18/03/2025 by RPB', 'Returned to Sigicom 18/03/2025 by RPB', 'Returned to Sigicom 18/03/2025 by RPB', 'Returned to Sigicom 18/03/2025 by RPB', 'Returned to Sigicom 18/03/2025 by RPB', 'Returned to Sigicom 18/03/2025 by RPB']
Hire Zephyr 1	Returned	EarthSense	Zephyr	Z01174	EarthSense		TBC	Returned to EarthSense 16/01/2025	['25517 - Southwater, Horsham', 'Available - RPB', 'Returned to EarthSense 16/01/2025', 'Returned to EarthSense 16/01/2025', 'Returned to EarthSense 16/01/2025', 'Returned to EarthSense 16/01/2025', 'Returned to EarthSense 16/01/2025', 'Returned to EarthSense 16/01/2025', 'Returned to EarthSense 16/01/2025', 'Returned to EarthSense 16/01/2025', 'Returned to EarthSense 16/01/2025', 'Returned to EarthSense 16/01/2025', 'Returned to EarthSense 16/01/2025', 'Returned to EarthSense 16/01/2025', 'Returned to EarthSense 16/01/2025', 'Returned to EarthSense 16/01/2025', 'Returned to EarthSense 16/01/2025', 'Returned to EarthSense 16/01/2025', 'Returned to EarthSense 16/01/2025', 'Returned to EarthSense 16/01/2025', 'Returned to EarthSense 16/01/2025', 'Returned to EarthSense 16/01/2025', 'Returned to EarthSense 16/01/2025', 'Returned to EarthSense 16/01/2025', 'Returned to EarthSense 16/01/2025', 'Returned to EarthSense 16/01/2025', 'Returned to EarthSense 16/01/2025', 'Returned to EarthSense 16/01/2025', 'Returned to EarthSense 16/01/2025', 'Returned to EarthSense 16/01/2025', 'Returned to EarthSense 16/01/2025', 'Returned to EarthSense 16/01/2025', 'Returned to EarthSense 16/01/2025']
Hire Zephyr 2	Returned	EarthSense	Zephyr	Z01177	EarthSense		TBC	Returned to EarthSense 16/01/2025	['25517 - Southwater, Horsham', 'Available - RPB', 'Returned to EarthSense 16/01/2025', 'Returned to EarthSense 16/01/2025', 'Returned to EarthSense 16/01/2025', 'Returned to EarthSense 16/01/2025', 'Returned to EarthSense 16/01/2025', 'Returned to EarthSense 16/01/2025', 'Returned to EarthSense 16/01/2025', 'Returned to EarthSense 16/01/2025', 'Returned to EarthSense 16/01/2025', 'Returned to EarthSense 16/01/2025', 'Returned to EarthSense 16/01/2025', 'Returned to EarthSense 16/01/2025', 'Returned to EarthSense 16/01/2025', 'Returned to EarthSense 16/01/2025', 'Returned to EarthSense 16/01/2025', 'Returned to EarthSense 16/01/2025', 'Returned to EarthSense 16/01/2025', 'Returned to EarthSense 16/01/2025', 'Returned to EarthSense 16/01/2025', 'Returned to EarthSense 16/01/2025', 'Returned to EarthSense 16/01/2025', 'Returned to EarthSense 16/01/2025', 'Returned to EarthSense 16/01/2025', 'Returned to EarthSense 16/01/2025', 'Returned to EarthSense 16/01/2025', 'Returned to EarthSense 16/01/2025', 'Returned to EarthSense 16/01/2025', 'Returned to EarthSense 16/01/2025', 'Returned to EarthSense 16/01/2025', 'Returned to EarthSense 16/01/2025', 'Returned to EarthSense 16/01/2025']
Hire C22 3	Returned	Sigicom	C22	107575	Sigicom	15/05/2025	26/06/2024	Returned to Sigicom 21/05/2025 by RPB	['25521 - Michigan Drive', '25521 - Michigan Drive', '25521 - Michigan Drive', '25521 - Michigan Drive', '25521 - Michigan Drive', '25521 - Michigan Drive', '25521 - Michigan Drive', '25521 - Michigan Drive', '25521 - Michigan Drive', '25521 - Michigan Drive', '25521 - Michigan Drive', '25521 - Michigan Drive', '25521 - Michigan Drive', '25521 - Michigan Drive', '25521 - Michigan Drive', '25521 - Michigan Drive', '25521 - Michigan Drive', '25521 - Michigan Drive', '25521 - Michigan Drive', '25521 - Michigan Drive', 'Returned to Sigicom 21/05/2025 by RPB', 'Returned to Sigicom 21/05/2025 by RPB', 'Returned to Sigicom 21/05/2025 by RPB', 'Returned to Sigicom 21/05/2025 by RPB', 'Returned to Sigicom 21/05/2025 by RPB', 'Returned to Sigicom 21/05/2025 by RPB', 'Returned to Sigicom 21/05/2025 by RPB', 'Returned to Sigicom 21/05/2025 by RPB', 'Returned to Sigicom 21/05/2025 by RPB', 'Returned to Sigicom 21/05/2025 by RPB', 'Returned to Sigicom 21/05/2025 by RPB', 'Returned to Sigicom 21/05/2025 by RPB', 'Returned to Sigicom 21/05/2025 by RPB']
Hire C22 4	Returned	Sigicom	C22	101627	Sigicom		TBC	Returned to Sigicom 07/01/2025 by RPB	['Available - RPB', 'Returned to Sigicom 07/01/2025 by RPB', 'Returned to Sigicom 07/01/2025 by RPB', 'Returned to Sigicom 07/01/2025 by RPB', 'Returned to Sigicom 07/01/2025 by RPB', 'Returned to Sigicom 07/01/2025 by RPB', 'Returned to Sigicom 07/01/2025 by RPB', 'Returned to Sigicom 07/01/2025 by RPB', 'Returned to Sigicom 07/01/2025 by RPB', 'Returned to Sigicom 07/01/2025 by RPB', 'Returned to Sigicom 07/01/2025 by RPB', 'Returned to Sigicom 07/01/2025 by RPB', 'Returned to Sigicom 07/01/2025 by RPB', 'Returned to Sigicom 07/01/2025 by RPB', 'Returned to Sigicom 07/01/2025 by RPB', 'Returned to Sigicom 07/01/2025 by RPB', 'Returned to Sigicom 07/01/2025 by RPB', 'Returned to Sigicom 07/01/2025 by RPB', 'Returned to Sigicom 07/01/2025 by RPB', 'Returned to Sigicom 07/01/2025 by RPB', 'Returned to Sigicom 07/01/2025 by RPB', 'Returned to Sigicom 07/01/2025 by RPB', 'Returned to Sigicom 07/01/2025 by RPB', 'Returned to Sigicom 07/01/2025 by RPB', 'Returned to Sigicom 07/01/2025 by RPB', 'Returned to Sigicom 07/01/2025 by RPB', 'Returned to Sigicom 07/01/2025 by RPB', 'Returned to Sigicom 07/01/2025 by RPB', 'Returned to Sigicom 07/01/2025 by RPB', 'Returned to Sigicom 07/01/2025 by RPB', 'Returned to Sigicom 07/01/2025 by RPB', 'Returned to Sigicom 07/01/2025 by RPB', 'Returned to Sigicom 07/01/2025 by RPB']
Hire C50 1	Returned	Sigicom	C50	117004	Sigicom		TBC	Returned to Sigicom 07/01/2025 by RPB	['Available - RPB', 'Returned to Sigicom 07/01/2025 by RPB', 'Returned to Sigicom 07/01/2025 by RPB', 'Returned to Sigicom 07/01/2025 by RPB', 'Returned to Sigicom 07/01/2025 by RPB', 'Returned to Sigicom 07/01/2025 by RPB', 'Returned to Sigicom 07/01/2025 by RPB', 'Returned to Sigicom 07/01/2025 by RPB', 'Returned to Sigicom 07/01/2025 by RPB', 'Returned to Sigicom 07/01/2025 by RPB', 'Returned to Sigicom 07/01/2025 by RPB', 'Returned to Sigicom 07/01/2025 by RPB', 'Returned to Sigicom 07/01/2025 by RPB', 'Returned to Sigicom 07/01/2025 by RPB', 'Returned to Sigicom 07/01/2025 by RPB', 'Returned to Sigicom 07/01/2025 by RPB', 'Returned to Sigicom 07/01/2025 by RPB', 'Returned to Sigicom 07/01/2025 by RPB', 'Returned to Sigicom 07/01/2025 by RPB', 'Returned to Sigicom 07/01/2025 by RPB', 'Returned to Sigicom 07/01/2025 by RPB', 'Returned to Sigicom 07/01/2025 by RPB', 'Returned to Sigicom 07/01/2025 by RPB', 'Returned to Sigicom 07/01/2025 by RPB', 'Returned to Sigicom 07/01/2025 by RPB', 'Returned to Sigicom 07/01/2025 by RPB', 'Returned to Sigicom 07/01/2025 by RPB', 'Returned to Sigicom 07/01/2025 by RPB', 'Returned to Sigicom 07/01/2025 by RPB', 'Returned to Sigicom 07/01/2025 by RPB', 'Returned to Sigicom 07/01/2025 by RPB', 'Returned to Sigicom 07/01/2025 by RPB', 'Returned to Sigicom 07/01/2025 by RPB']
Alice	Good	EarthSense	Zephyr	ZO1811	Moniteye	17/08/2025	02/12/2026	25517 - Southwater, Horsham	['Not Yet Purchased', '25517 - Southwater, Horsham', '25517 - Southwater, Horsham', '25517 - Southwater, Horsham', '25517 - Southwater, Horsham', '25517 - Southwater, Horsham', '25517 - Southwater, Horsham', '25517 - Southwater, Horsham', '25517 - Southwater, Horsham', '25517 - Southwater, Horsham', '25517 - Southwater, Horsham', '25517 - Southwater, Horsham', '25517 - Southwater, Horsham', '25517 - Southwater, Horsham', '25517 - Southwater, Horsham', '25517 - Southwater, Horsham', '25517 - Southwater, Horsham', '25517 - Southwater, Horsham', '25517 - Southwater, Horsham', '25517 - Southwater, Horsham', '25517 - Southwater, Horsham', '25517 - Southwater, Horsham', '25517 - Southwater, Horsham', '25517 - Southwater, Horsham', '25517 - Southwater, Horsham', '25517 - Southwater, Horsham', '25517 - Southwater, Horsham', '25517 - Southwater, Horsham', '25517 - Southwater, Horsham', '25517 - Southwater, Horsham', '25517 - Southwater, Horsham', '25517 - Southwater, Horsham', '25517 - Southwater, Horsham']
Beatrice	Good	EarthSense	Zephyr	ZO1897	Moniteye	17/08/2025	03/12/2026	25517 - Southwater, Horsham	['Not Yet Purchased', '25517 - Southwater, Horsham', '25517 - Southwater, Horsham', '25517 - Southwater, Horsham', '25517 - Southwater, Horsham', '25517 - Southwater, Horsham', '25517 - Southwater, Horsham', '25517 - Southwater, Horsham', '25517 - Southwater, Horsham', '25517 - Southwater, Horsham', '25517 - Southwater, Horsham', '25517 - Southwater, Horsham', '25517 - Southwater, Horsham', '25517 - Southwater, Horsham', '25517 - Southwater, Horsham', '25517 - Southwater, Horsham', '25517 - Southwater, Horsham', '25517 - Southwater, Horsham', '25517 - Southwater, Horsham', '25517 - Southwater, Horsham', '25517 - Southwater, Horsham', '25517 - Southwater, Horsham', '25517 - Southwater, Horsham', '25517 - Southwater, Horsham', '25517 - Southwater, Horsham', '25517 - Southwater, Horsham', '25517 - Southwater, Horsham', '25517 - Southwater, Horsham', '25517 - Southwater, Horsham', '25517 - Southwater, Horsham', '25517 - Southwater, Horsham', '25517 - Southwater, Horsham', '25517 - Southwater, Horsham']
	MIA	Sigicom	C22	112909	Moniteye			Lost at Dunscar Bridge Fishing Lake - 222730	['Lost at Dunscar Bridge Fishing Lake - 222730', 'Lost at Dunscar Bridge Fishing Lake - 222730', 'Lost at Dunscar Bridge Fishing Lake - 222730', 'Lost at Dunscar Bridge Fishing Lake - 222730', 'Lost at Dunscar Bridge Fishing Lake - 222730', 'Lost at Dunscar Bridge Fishing Lake - 222730', 'Lost at Dunscar Bridge Fishing Lake - 222730', 'Lost at Dunscar Bridge Fishing Lake - 222730', 'Lost at Dunscar Bridge Fishing Lake - 222730', 'Lost at Dunscar Bridge Fishing Lake - 222730', 'Lost at Dunscar Bridge Fishing Lake - 222730', 'Lost at Dunscar Bridge Fishing Lake - 222730', 'Lost at Dunscar Bridge Fishing Lake - 222730', 'Lost at Dunscar Bridge Fishing Lake - 222730', 'Lost at Dunscar Bridge Fishing Lake - 222730', 'Lost at Dunscar Bridge Fishing Lake - 222730', 'Lost at Dunscar Bridge Fishing Lake - 222730', 'Lost at Dunscar Bridge Fishing Lake - 222730', 'Lost at Dunscar Bridge Fishing Lake - 222730', 'Lost at Dunscar Bridge Fishing Lake - 222730', 'Lost at Dunscar Bridge Fishing Lake - 222730', 'Lost at Dunscar Bridge Fishing Lake - 222730', 'Lost at Dunscar Bridge Fishing Lake - 222730', 'Lost at Dunscar Bridge Fishing Lake - 222730', 'Lost at Dunscar Bridge Fishing Lake - 222730', 'Lost at Dunscar Bridge Fishing Lake - 222730', 'Lost at Dunscar Bridge Fishing Lake - 222730', 'Lost at Dunscar Bridge Fishing Lake - 222730', 'Lost at Dunscar Bridge Fishing Lake - 222730', 'Lost at Dunscar Bridge Fishing Lake - 222730', 'Lost at Dunscar Bridge Fishing Lake - 222730', 'Lost at Dunscar Bridge Fishing Lake - 222730', 'Lost at Dunscar Bridge Fishing Lake - 222730']
Hire C22 4	Returned	Sigicom	C22	117668	Sigicom		TBC	Returned to Sigicom 21/05/2025 by RPB	['Not Yet Hired', 'Not Yet Hired', 'Not Yet Hired', 'Not Yet Hired', '25388 - Vyrnwy Scheme - 22 Ramsay Close', '25388 - Vyrnwy Scheme - 22 Ramsay Close', '25388 - Vyrnwy Scheme - 22 Ramsay Close', '25388 - Vyrnwy Scheme - 22 Ramsay Close', '25388 - Vyrnwy Scheme - 22 Ramsay Close', '25388 - Vyrnwy Scheme - 22 Ramsay Close', '25388 - Vyrnwy Scheme - 22 Ramsay Close', '25388 - Vyrnwy Scheme - 22 Ramsay Close', '25388 - Vyrnwy Scheme - 22 Ramsay Close', '25388 - Vyrnwy Scheme - 22 Ramsay Close', '25388 - Vyrnwy Scheme - 22 Ramsay Close', '25388 - Vyrnwy Scheme - 22 Ramsay Close', '25388 - Vyrnwy Scheme - 22 Ramsay Close', '25388 - Vyrnwy Scheme - 22 Ramsay Close', '25388 - Vyrnwy Scheme - 22 Ramsay Close', '25388 - Vyrnwy Scheme - 22 Ramsay Close', 'Returned to Sigicom 21/05/2025 by RPB', 'Returned to Sigicom 21/05/2025 by RPB', 'Returned to Sigicom 21/05/2025 by RPB', 'Returned to Sigicom 21/05/2025 by RPB', 'Returned to Sigicom 21/05/2025 by RPB', 'Returned to Sigicom 21/05/2025 by RPB', 'Returned to Sigicom 21/05/2025 by RPB', 'Returned to Sigicom 21/05/2025 by RPB', 'Returned to Sigicom 21/05/2025 by RPB', 'Returned to Sigicom 21/05/2025 by RPB', 'Returned to Sigicom 21/05/2025 by RPB', 'Returned to Sigicom 21/05/2025 by RPB', 'Returned to Sigicom 21/05/2025 by RPB']
Hire C50 2	Returned	Sigicom	C50	120091	Sigicom		06/01/2027	Returned to Sigicom 18/03/2025 by RPB	['Not Yet Hired', 'Not Yet Hired', 'Not Yet Hired', 'Not Yet Hired', 'Not Yet Hired', 'Not Yet Hired', 'Not Yet Hired', 'Not Yet Hired', 'Not Yet Hired', 'Not Yet Hired', '25537 - Land at Thorley House, Bishops ', 'Returned to Sigicom 18/03/2025 by RPB', 'Returned to Sigicom 18/03/2025 by RPB', 'Returned to Sigicom 18/03/2025 by RPB', 'Returned to Sigicom 18/03/2025 by RPB', 'Returned to Sigicom 18/03/2025 by RPB', 'Returned to Sigicom 18/03/2025 by RPB', 'Returned to Sigicom 18/03/2025 by RPB', 'Returned to Sigicom 18/03/2025 by RPB', 'Returned to Sigicom 18/03/2025 by RPB', 'Returned to Sigicom 18/03/2025 by RPB', 'Returned to Sigicom 18/03/2025 by RPB', 'Returned to Sigicom 18/03/2025 by RPB', 'Returned to Sigicom 18/03/2025 by RPB', 'Returned to Sigicom 18/03/2025 by RPB', 'Returned to Sigicom 18/03/2025 by RPB', 'Returned to Sigicom 18/03/2025 by RPB', 'Returned to Sigicom 18/03/2025 by RPB', 'Returned to Sigicom 18/03/2025 by RPB', 'Returned to Sigicom 18/03/2025 by RPB', 'Returned to Sigicom 18/03/2025 by RPB', 'Returned to Sigicom 18/03/2025 by RPB', 'Returned to Sigicom 18/03/2025 by RPB']
Hire C50 3	Returned	Sigicom	C50	120088	Sigicom		01/06/2027	Returned to Sigicom 18/03/2025 by RPB	['Not Yet Hired', 'Not Yet Hired', 'Not Yet Hired', 'Not Yet Hired', 'Not Yet Hired', 'Not Yet Hired', 'Not Yet Hired', 'Not Yet Hired', 'Not Yet Hired', 'Not Yet Hired', '25537 - Land at Thorley House, Bishops ', 'Returned to Sigicom 18/03/2025 by RPB', 'Returned to Sigicom 18/03/2025 by RPB', 'Returned to Sigicom 18/03/2025 by RPB', 'Returned to Sigicom 18/03/2025 by RPB', 'Returned to Sigicom 18/03/2025 by RPB', 'Returned to Sigicom 18/03/2025 by RPB', 'Returned to Sigicom 18/03/2025 by RPB', 'Returned to Sigicom 18/03/2025 by RPB', 'Returned to Sigicom 18/03/2025 by RPB', 'Returned to Sigicom 18/03/2025 by RPB', 'Returned to Sigicom 18/03/2025 by RPB', 'Returned to Sigicom 18/03/2025 by RPB', 'Returned to Sigicom 18/03/2025 by RPB', 'Returned to Sigicom 18/03/2025 by RPB', 'Returned to Sigicom 18/03/2025 by RPB', 'Returned to Sigicom 18/03/2025 by RPB', 'Returned to Sigicom 18/03/2025 by RPB', 'Returned to Sigicom 18/03/2025 by RPB', 'Returned to Sigicom 18/03/2025 by RPB', 'Returned to Sigicom 18/03/2025 by RPB', 'Returned to Sigicom 18/03/2025 by RPB', 'Returned to Sigicom 18/03/2025 by RPB']
Arthur	Good	Svantek	SV803	160031	Moniteye	09/08/2026	TBC	25543 - 7 Bramerton Street	['Not Yet Purchased', 'Not Yet Purchased', 'Not Yet Purchased', 'Not Yet Purchased', 'Not Yet Purchased', 'Not Yet Purchased', 'Not Yet Purchased', 'Not Yet Purchased', 'Not Yet Purchased', 'Not Yet Purchased', 'Not Yet Purchased', '25543 - 7 Bramerton Street', '25543 - 7 Bramerton Street', '25543 - 7 Bramerton Street', '25543 - 7 Bramerton Street', '25543 - 7 Bramerton Street', '25543 - 7 Bramerton Street', '25543 - 7 Bramerton Street', '25543 - 7 Bramerton Street', '25543 - 7 Bramerton Street', '25543 - 7 Bramerton Street', '25543 - 7 Bramerton Street', '25543 - 7 Bramerton Street', '25543 - 7 Bramerton Street', '25543 - 7 Bramerton Street', '25543 - 7 Bramerton Street', '25543 - 7 Bramerton Street', '25543 - 7 Bramerton Street', '25543 - 7 Bramerton Street', '25543 - 7 Bramerton Street', '25543 - 7 Bramerton Street', '25543 - 7 Bramerton Street', '25543 - 7 Bramerton Street']
Bentley	Good	Svantek	SV803	160050	Moniteye	09/08/2026	TBC	25543 - 7 Bramerton Street	['Not Yet Purchased', 'Not Yet Purchased', 'Not Yet Purchased', 'Not Yet Purchased', 'Not Yet Purchased', 'Not Yet Purchased', 'Not Yet Purchased', 'Not Yet Purchased', 'Not Yet Purchased', 'Not Yet Purchased', 'Not Yet Purchased', '25543 - 7 Bramerton Street', '25543 - 7 Bramerton Street', '25543 - 7 Bramerton Street', '25543 - 7 Bramerton Street', '25543 - 7 Bramerton Street', '25543 - 7 Bramerton Street', '25543 - 7 Bramerton Street', '25543 - 7 Bramerton Street', '25543 - 7 Bramerton Street', '25543 - 7 Bramerton Street', '25543 - 7 Bramerton Street', '25543 - 7 Bramerton Street', '25543 - 7 Bramerton Street', '25543 - 7 Bramerton Street', '25543 - 7 Bramerton Street', '25543 - 7 Bramerton Street', '25543 - 7 Bramerton Street', '25543 - 7 Bramerton Street', '25543 - 7 Bramerton Street', '25543 - 7 Bramerton Street', '25543 - 7 Bramerton Street', '25543 - 7 Bramerton Street']
 Cecily	Good	EarthSense	Zephyr	Z01834	Moniteye	09/08/2026	TBC	25543 - 7 Bramerton Street	['Not Yet Purchased', 'Not Yet Purchased', 'Not Yet Purchased', 'Not Yet Purchased', 'Not Yet Purchased', 'Not Yet Purchased', 'Not Yet Purchased', 'Not Yet Purchased', 'Not Yet Purchased', 'Not Yet Purchased', 'Not Yet Purchased', '25543 - 7 Bramerton Street', '25543 - 7 Bramerton Street', '25543 - 7 Bramerton Street', '25543 - 7 Bramerton Street', '25543 - 7 Bramerton Street', '25543 - 7 Bramerton Street', '25543 - 7 Bramerton Street', '25543 - 7 Bramerton Street', '25543 - 7 Bramerton Street', '25543 - 7 Bramerton Street', '25543 - 7 Bramerton Street', '25543 - 7 Bramerton Street', '25543 - 7 Bramerton Street', '25543 - 7 Bramerton Street', '25543 - 7 Bramerton Street', '25543 - 7 Bramerton Street', '25543 - 7 Bramerton Street', '25543 - 7 Bramerton Street', '25543 - 7 Bramerton Street', '25543 - 7 Bramerton Street', '25543 - 7 Bramerton Street', '25543 - 7 Bramerton Street']
Delilah	Good	EarthSense	Zephyr	Z01899	Moniteye	09/08/2026	TBC	25543 - 7 Bramerton Street	['Not Yet Purchased', 'Not Yet Purchased', 'Not Yet Purchased', 'Not Yet Purchased', 'Not Yet Purchased', 'Not Yet Purchased', 'Not Yet Purchased', 'Not Yet Purchased', 'Not Yet Purchased', 'Not Yet Purchased', 'Not Yet Purchased', '25543 - 7 Bramerton Street', '25543 - 7 Bramerton Street', '25543 - 7 Bramerton Street', '25543 - 7 Bramerton Street', '25543 - 7 Bramerton Street', '25543 - 7 Bramerton Street', '25543 - 7 Bramerton Street', '25543 - 7 Bramerton Street', '25543 - 7 Bramerton Street', '25543 - 7 Bramerton Street', '25543 - 7 Bramerton Street', '25543 - 7 Bramerton Street', '25543 - 7 Bramerton Street', '25543 - 7 Bramerton Street', '25543 - 7 Bramerton Street', '25543 - 7 Bramerton Street', '25543 - 7 Bramerton Street', '25543 - 7 Bramerton Street', '25543 - 7 Bramerton Street', '25543 - 7 Bramerton Street', '25543 - 7 Bramerton Street', '25543 - 7 Bramerton Street']
Hire C22 5	Good	Sigicom	C22	111123	Sigicom	11/06/2025	TBC	25388 - Vyrnwy Scheme - Building	['Not Yet Hired', 'Not Yet Hired', 'Not Yet Hired', 'Not Yet Hired', 'Not Yet Hired', 'Not Yet Hired', 'Not Yet Hired', 'Not Yet Hired', 'Not Yet Hired', 'Not Yet Hired', 'Not Yet Hired', 'Not Yet Hired', 'Not Yet Hired', 'Not Yet Hired', '25388 - Vyrnwy Scheme - Building', '25388 - Vyrnwy Scheme - Building', '25388 - Vyrnwy Scheme - Building', '25388 - Vyrnwy Scheme - Building', '25388 - Vyrnwy Scheme - Building', '25388 - Vyrnwy Scheme - Building', '25388 - Vyrnwy Scheme - Building', '25388 - Vyrnwy Scheme - Building', '25388 - Vyrnwy Scheme - Building', '25388 - Vyrnwy Scheme - Building', '25388 - Vyrnwy Scheme - Building', '25388 - Vyrnwy Scheme - Building', '25388 - Vyrnwy Scheme - Building', '25388 - Vyrnwy Scheme - Building', '25388 - Vyrnwy Scheme - Building', '25388 - Vyrnwy Scheme - Building', '25388 - Vyrnwy Scheme - Building', '25388 - Vyrnwy Scheme - Building', '25388 - Vyrnwy Scheme - Building']
Hire C22 6	Good	Sigicom	C22	103657	Sigicom	27/05/2025	TBC	25550 - 26A Lyndhurst Drive	['Not Yet Hired', 'Not Yet Hired', 'Not Yet Hired', 'Not Yet Hired', 'Not Yet Hired', 'Not Yet Hired', 'Not Yet Hired', 'Not Yet Hired', 'Not Yet Hired', 'Not Yet Hired', 'Not Yet Hired', 'Not Yet Hired', 'Not Yet Hired', 'Not Yet Hired', 'Not Yet Hired', 'Not Yet Hired', 'Collected 22/04/2025 - Installed 23/04/2025 25550 - 26A Lyndhurst Drive', '25550 - 26A Lyndhurst Drive', '25550 - 26A Lyndhurst Drive', '25550 - 26A Lyndhurst Drive', '25550 - 26A Lyndhurst Drive', '25550 - 26A Lyndhurst Drive', '25550 - 26A Lyndhurst Drive', '25550 - 26A Lyndhurst Drive', '25550 - 26A Lyndhurst Drive', '25550 - 26A Lyndhurst Drive', '25550 - 26A Lyndhurst Drive', '25550 - 26A Lyndhurst Drive', '25550 - 26A Lyndhurst Drive', '25550 - 26A Lyndhurst Drive', '25550 - 26A Lyndhurst Drive', '25550 - 26A Lyndhurst Drive', '25550 - 26A Lyndhurst Drive']
Mavrick	At Calibration	Svantek	SV258Pro	C66396	Moniteye		18/05/2024	With Acsoft for Calibration	['Not in Service', 'Not in Service', 'Not in Service', 'Not in Service', 'Not in Service', 'Not in Service', 'Not in Service', 'Not in Service', 'Not in Service', 'Not in Service', 'Not in Service', 'Not in Service', 'Not in Service', 'Not in Service', 'Not in Service', 'Not in Service', 'Not in Service', 'Not in Service', 'Not in Service', 'Not in Service', 'With Acsoft for Calibration', 'With Acsoft for Calibration', 'With Acsoft for Calibration', 'With Acsoft for Calibration', 'With Acsoft for Calibration', 'With Acsoft for Calibration', 'With Acsoft for Calibration', 'With Acsoft for Calibration', 'With Acsoft for Calibration', 'With Acsoft for Calibration', 'With Acsoft for Calibration', 'With Acsoft for Calibration', 'With Acsoft for Calibration']
(Part of Mavrick)	At Calibration	Svantek	958A	69026	Moniteye		18/05/2024	With Acsoft for Calibration	['Not in Service', 'Not in Service', 'Not in Service', 'Not in Service', 'Not in Service', 'Not in Service', 'Not in Service', 'Not in Service', 'Not in Service', 'Not in Service', 'Not in Service', 'Not in Service', 'Not in Service', 'Not in Service', 'Not in Service', 'Not in Service', 'Not in Service', 'Not in Service', 'Not in Service', 'Not in Service', 'With Acsoft for Calibration', 'With Acsoft for Calibration', 'With Acsoft for Calibration', 'With Acsoft for Calibration', 'With Acsoft for Calibration', 'With Acsoft for Calibration', 'With Acsoft for Calibration', 'With Acsoft for Calibration', 'With Acsoft for Calibration', 'With Acsoft for Calibration', 'With Acsoft for Calibration', 'With Acsoft for Calibration', 'With Acsoft for Calibration']
(Part of Mavrick)	At Calibration	Svantek	SV12L	77852	Moniteye		18/05/2024	With Acsoft for Calibration	['Not in Service', 'Not in Service', 'Not in Service', 'Not in Service', 'Not in Service', 'Not in Service', 'Not in Service', 'Not in Service', 'Not in Service', 'Not in Service', 'Not in Service', 'Not in Service', 'Not in Service', 'Not in Service', 'Not in Service', 'Not in Service', 'Not in Service', 'Not in Service', 'Not in Service', 'Not in Service', 'With Acsoft for Calibration', 'With Acsoft for Calibration', 'With Acsoft for Calibration', 'With Acsoft for Calibration', 'With Acsoft for Calibration', 'With Acsoft for Calibration', 'With Acsoft for Calibration', 'With Acsoft for Calibration', 'With Acsoft for Calibration', 'With Acsoft for Calibration', 'With Acsoft for Calibration', 'With Acsoft for Calibration', 'With Acsoft for Calibration']
(Part of Mavrick)	At Calibration	Svantek	MK255	15016	Moniteye		18/05/2024	With Acsoft for Calibration	['Not in Service', 'Not in Service', 'Not in Service', 'Not in Service', 'Not in Service', 'Not in Service', 'Not in Service', 'Not in Service', 'Not in Service', 'Not in Service', 'Not in Service', 'Not in Service', 'Not in Service', 'Not in Service', 'Not in Service', 'Not in Service', 'Not in Service', 'Not in Service', 'Not in Service', 'Not in Service', 'With Acsoft for Calibration', 'With Acsoft for Calibration', 'With Acsoft for Calibration', 'With Acsoft for Calibration', 'With Acsoft for Calibration', 'With Acsoft for Calibration', 'With Acsoft for Calibration', 'With Acsoft for Calibration', 'With Acsoft for Calibration', 'With Acsoft for Calibration', 'With Acsoft for Calibration', 'With Acsoft for Calibration', 'With Acsoft for Calibration']
(Part of Mavrick)	At Calibration	Svantek	SA207B		Moniteye			With Acsoft for Calibration	['Not in Service', 'Not in Service', 'Not in Service', 'Not in Service', 'Not in Service', 'Not in Service', 'Not in Service', 'Not in Service', 'Not in Service', 'Not in Service', 'Not in Service', 'Not in Service', 'Not in Service', 'Not in Service', 'Not in Service', 'Not in Service', 'Not in Service', 'Not in Service', 'Not in Service', 'Not in Service', 'With Acsoft for Calibration', 'With Acsoft for Calibration', 'With Acsoft for Calibration', 'With Acsoft for Calibration', 'With Acsoft for Calibration', 'With Acsoft for Calibration', 'With Acsoft for Calibration', 'With Acsoft for Calibration', 'With Acsoft for Calibration', 'With Acsoft for Calibration', 'With Acsoft for Calibration', 'With Acsoft for Calibration', 'With Acsoft for Calibration']
(Part of Mavrick)	At Calibration	Svantek	SV84	E6621	Moniteye		18/05/2024	With Acsoft for Calibration	['Not in Service', 'Not in Service', 'Not in Service', 'Not in Service', 'Not in Service', 'Not in Service', 'Not in Service', 'Not in Service', 'Not in Service', 'Not in Service', 'Not in Service', 'Not in Service', 'Not in Service', 'Not in Service', 'Not in Service', 'Not in Service', 'Not in Service', 'Not in Service', 'Not in Service', 'Not in Service', 'With Acsoft for Calibration', 'With Acsoft for Calibration', 'With Acsoft for Calibration', 'With Acsoft for Calibration', 'With Acsoft for Calibration', 'With Acsoft for Calibration', 'With Acsoft for Calibration', 'With Acsoft for Calibration', 'With Acsoft for Calibration', 'With Acsoft for Calibration', 'With Acsoft for Calibration', 'With Acsoft for Calibration', 'With Acsoft for Calibration']
	Good	Sigicom	C22	118977	Moniteye		07/05/2027	25554 - Brickwall Lane	['Not Yet Purchased', 'Not Yet Purchased', 'Not Yet Purchased', 'Not Yet Purchased', 'Not Yet Purchased', 'Not Yet Purchased', 'Not Yet Purchased', 'Not Yet Purchased', 'Not Yet Purchased', 'Not Yet Purchased', 'Not Yet Purchased', 'Not Yet Purchased', 'Not Yet Purchased', 'Not Yet Purchased', 'Not Yet Purchased', 'Not Yet Purchased', 'Not Yet Purchased', 'Not Yet Purchased', '25554 - Brickwall Lane', '25554 - Brickwall Lane', '25554 - Brickwall Lane', '25554 - Brickwall Lane', '25554 - Brickwall Lane', '25554 - Brickwall Lane', '25554 - Brickwall Lane', '25554 - Brickwall Lane', '25554 - Brickwall Lane', '25554 - Brickwall Lane', '25554 - Brickwall Lane', '25554 - Brickwall Lane', '25554 - Brickwall Lane', '25554 - Brickwall Lane', '25554 - Brickwall Lane']
	Good	Sigicom	C22	118979	Moniteye		07/05/2027	25556 - 51 Carr Mill Road	['Not Yet Purchased', 'Not Yet Purchased', 'Not Yet Purchased', 'Not Yet Purchased', 'Not Yet Purchased', 'Not Yet Purchased', 'Not Yet Purchased', 'Not Yet Purchased', 'Not Yet Purchased', 'Not Yet Purchased', 'Not Yet Purchased', 'Not Yet Purchased', 'Not Yet Purchased', 'Not Yet Purchased', 'Not Yet Purchased', 'Not Yet Purchased', 'Not Yet Purchased', 'Not Yet Purchased', '25556 - 51 Carr Mill Road', '25556 - 51 Carr Mill Road', '25556 - 51 Carr Mill Road', '25556 - 51 Carr Mill Road', '25556 - 51 Carr Mill Road', '25556 - 51 Carr Mill Road', '25556 - 51 Carr Mill Road', '25556 - 51 Carr Mill Road', '25556 - 51 Carr Mill Road', '25556 - 51 Carr Mill Road', '25556 - 51 Carr Mill Road', '25556 - 51 Carr Mill Road', '25556 - 51 Carr Mill Road', '25556 - 51 Carr Mill Road', '25556 - 51 Carr Mill Road']
	Good	Sigicom	C22	118982	Moniteye		07/05/2027	25554 - Brickwall Lane	['Not Yet Purchased', 'Not Yet Purchased', 'Not Yet Purchased', 'Not Yet Purchased', 'Not Yet Purchased', 'Not Yet Purchased', 'Not Yet Purchased', 'Not Yet Purchased', 'Not Yet Purchased', 'Not Yet Purchased', 'Not Yet Purchased', 'Not Yet Purchased', 'Not Yet Purchased', 'Not Yet Purchased', 'Not Yet Purchased', 'Not Yet Purchased', 'Not Yet Purchased', 'Not Yet Purchased', '25554 - Brickwall Lane', '25554 - Brickwall Lane', '25554 - Brickwall Lane', '25554 - Brickwall Lane', '25554 - Brickwall Lane', '25554 - Brickwall Lane', '25554 - Brickwall Lane', '25554 - Brickwall Lane', '25554 - Brickwall Lane', '25554 - Brickwall Lane', '25554 - Brickwall Lane', '25554 - Brickwall Lane', '25554 - Brickwall Lane', '25554 - Brickwall Lane', '25554 - Brickwall Lane']
Hire C50 4	Good	Sigicom	C50	120095	Sigicom	29/05/2025	TBC	25558 - Philip's Road, Blackburn	['Not Yet Hired', 'Not Yet Hired', 'Not Yet Hired', 'Not Yet Hired', 'Not Yet Hired', 'Not Yet Hired', 'Not Yet Hired', 'Not Yet Hired', 'Not Yet Hired', 'Not Yet Hired', 'Not Yet Hired', 'Not Yet Hired', 'Not Yet Hired', 'Not Yet Hired', 'Not Yet Hired', 'Not Yet Hired', 'Not Yet Hired', 'Not Yet Hired', 'Not Yet Hired', 'Not Yet Hired', "25558 - Philip's Road, Blackburn", "25558 - Philip's Road, Blackburn", "25558 - Philip's Road, Blackburn", "25558 - Philip's Road, Blackburn", "25558 - Philip's Road, Blackburn", "25558 - Philip's Road, Blackburn", "25558 - Philip's Road, Blackburn", "25558 - Philip's Road, Blackburn", "25558 - Philip's Road, Blackburn", "25558 - Philip's Road, Blackburn", "25558 - Philip's Road, Blackburn", "25558 - Philip's Road, Blackburn", "25558 - Philip's Road, Blackburn"]
Hire C50 5	Good	Sigicom	C50	120090	Sigicom	29/05/2025	TBC	25558 - Philip's Road, Blackburn	['Not Yet Hired', 'Not Yet Hired', 'Not Yet Hired', 'Not Yet Hired', 'Not Yet Hired', 'Not Yet Hired', 'Not Yet Hired', 'Not Yet Hired', 'Not Yet Hired', 'Not Yet Hired', 'Not Yet Hired', 'Not Yet Hired', 'Not Yet Hired', 'Not Yet Hired', 'Not Yet Hired', 'Not Yet Hired', 'Not Yet Hired', 'Not Yet Hired', 'Not Yet Hired', 'Not Yet Hired', "25558 - Philip's Road, Blackburn", "25558 - Philip's Road, Blackburn", "25558 - Philip's Road, Blackburn", "25558 - Philip's Road, Blackburn", "25558 - Philip's Road, Blackburn", "25558 - Philip's Road, Blackburn", "25558 - Philip's Road, Blackburn", "25558 - Philip's Road, Blackburn", "25558 - Philip's Road, Blackburn", "25558 - Philip's Road, Blackburn", "25558 - Philip's Road, Blackburn", "25558 - Philip's Road, Blackburn", "25558 - Philip's Road, Blackburn"]
Hire C50 6	Good	Sigicom	C50	120092	Sigicom	29/05/2025	TBC	25558 - Philip's Road, Blackburn	['Not Yet Hired', 'Not Yet Hired', 'Not Yet Hired', 'Not Yet Hired', 'Not Yet Hired', 'Not Yet Hired', 'Not Yet Hired', 'Not Yet Hired', 'Not Yet Hired', 'Not Yet Hired', 'Not Yet Hired', 'Not Yet Hired', 'Not Yet Hired', 'Not Yet Hired', 'Not Yet Hired', 'Not Yet Hired', 'Not Yet Hired', 'Not Yet Hired', 'Not Yet Hired', 'Not Yet Hired', "25558 - Philip's Road, Blackburn", "25558 - Philip's Road, Blackburn", "25558 - Philip's Road, Blackburn", "25558 - Philip's Road, Blackburn", "25558 - Philip's Road, Blackburn", "25558 - Philip's Road, Blackburn", "25558 - Philip's Road, Blackburn", "25558 - Philip's Road, Blackburn", "25558 - Philip's Road, Blackburn", "25558 - Philip's Road, Blackburn", "25558 - Philip's Road, Blackburn", "25558 - Philip's Road, Blackburn", "25558 - Philip's Road, Blackburn"]
Ice Man	At Calibration	Svantek	SV258Pro	C66352	Moniteye			With Acsoft for Calibration	['Not in Service', 'Not in Service', 'Not in Service', 'Not in Service', 'Not in Service', 'Not in Service', 'Not in Service', 'Not in Service', 'Not in Service', 'Not in Service', 'Not in Service', 'Not in Service', 'Not in Service', 'Not in Service', 'Not in Service', 'Not in Service', 'Not in Service', 'Not in Service', 'Not in Service', 'Not in Service', 'With Acsoft for Calibration', 'With Acsoft for Calibration', 'With Acsoft for Calibration', 'With Acsoft for Calibration', 'With Acsoft for Calibration', 'With Acsoft for Calibration', 'With Acsoft for Calibration', 'With Acsoft for Calibration', 'With Acsoft for Calibration', 'With Acsoft for Calibration', 'With Acsoft for Calibration', 'With Acsoft for Calibration', 'With Acsoft for Calibration']
(Part of Ice Man)	At Calibration	Svantek	SA207B		Moniteye			With Acsoft for Calibration	['Not in Service', 'Not in Service', 'Not in Service', 'Not in Service', 'Not in Service', 'Not in Service', 'Not in Service', 'Not in Service', 'Not in Service', 'Not in Service', 'Not in Service', 'Not in Service', 'Not in Service', 'Not in Service', 'Not in Service', 'Not in Service', 'Not in Service', 'Not in Service', 'Not in Service', 'Not in Service', 'With Acsoft for Calibration', 'With Acsoft for Calibration', 'With Acsoft for Calibration', 'With Acsoft for Calibration', 'With Acsoft for Calibration', 'With Acsoft for Calibration', 'With Acsoft for Calibration', 'With Acsoft for Calibration', 'With Acsoft for Calibration', 'With Acsoft for Calibration', 'With Acsoft for Calibration', 'With Acsoft for Calibration', 'With Acsoft for Calibration']
(Part of Ice Man)	At Calibration	Svantek	SV84	E5574	Moniteye			With Acsoft for Calibration	['Not in Service', 'Not in Service', 'Not in Service', 'Not in Service', 'Not in Service', 'Not in Service', 'Not in Service', 'Not in Service', 'Not in Service', 'Not in Service', 'Not in Service', 'Not in Service', 'Not in Service', 'Not in Service', 'Not in Service', 'Not in Service', 'Not in Service', 'Not in Service', 'Not in Service', 'Not in Service', 'With Acsoft for Calibration', 'With Acsoft for Calibration', 'With Acsoft for Calibration', 'With Acsoft for Calibration', 'With Acsoft for Calibration', 'With Acsoft for Calibration', 'With Acsoft for Calibration', 'With Acsoft for Calibration', 'With Acsoft for Calibration', 'With Acsoft for Calibration', 'With Acsoft for Calibration', 'With Acsoft for Calibration', 'With Acsoft for Calibration']
(Part of Ice Man)	At Calibration	Svantek	958A	69026	Moniteye			With Acsoft for Calibration	['Not in Service', 'Not in Service', 'Not in Service', 'Not in Service', 'Not in Service', 'Not in Service', 'Not in Service', 'Not in Service', 'Not in Service', 'Not in Service', 'Not in Service', 'Not in Service', 'Not in Service', 'Not in Service', 'Not in Service', 'Not in Service', 'Not in Service', 'Not in Service', 'Not in Service', 'Not in Service', 'With Acsoft for Calibration', 'With Acsoft for Calibration', 'With Acsoft for Calibration', 'With Acsoft for Calibration', 'With Acsoft for Calibration', 'With Acsoft for Calibration', 'With Acsoft for Calibration', 'With Acsoft for Calibration', 'With Acsoft for Calibration', 'With Acsoft for Calibration', 'With Acsoft for Calibration', 'With Acsoft for Calibration', 'With Acsoft for Calibration']
	At Calibration	Semex-EngCon	Menhir	V17420512	Moniteye			With Acsoft for Calibration	['Not in Service', 'Not in Service', 'Not in Service', 'Not in Service', 'Not in Service', 'Not in Service', 'Not in Service', 'Not in Service', 'Not in Service', 'Not in Service', 'Not in Service', 'Not in Service', 'Not in Service', 'Not in Service', 'Not in Service', 'Not in Service', 'Not in Service', 'Not in Service', 'Not in Service', 'Not in Service', 'With Acsoft for Calibration', 'With Acsoft for Calibration', 'With Acsoft for Calibration', 'With Acsoft for Calibration', 'With Acsoft for Calibration', 'With Acsoft for Calibration', 'With Acsoft for Calibration', 'With Acsoft for Calibration', 'With Acsoft for Calibration', 'With Acsoft for Calibration', 'With Acsoft for Calibration', 'With Acsoft for Calibration', 'With Acsoft for Calibration']
	At Calibration	Semex-EngCon	Menhir	V18120599	Moniteye			With Acsoft for Calibration	['Not in Service', 'Not in Service', 'Not in Service', 'Not in Service', 'Not in Service', 'Not in Service', 'Not in Service', 'Not in Service', 'Not in Service', 'Not in Service', 'Not in Service', 'Not in Service', 'Not in Service', 'Not in Service', 'Not in Service', 'Not in Service', 'Not in Service', 'Not in Service', 'Not in Service', 'Not in Service', 'With Acsoft for Calibration', 'With Acsoft for Calibration', 'With Acsoft for Calibration', 'With Acsoft for Calibration', 'With Acsoft for Calibration', 'With Acsoft for Calibration', 'With Acsoft for Calibration', 'With Acsoft for Calibration', 'With Acsoft for Calibration', 'With Acsoft for Calibration', 'With Acsoft for Calibration', 'With Acsoft for Calibration', 'With Acsoft for Calibration']